country_id,next_week_hospitalizations
Belgium 9/7/2020,530.6361722642540
Belgium 9/8/2020,584.6768997667360
Belgium 9/9/2020,556.3817838929830
Belgium 9/10/2020,545.5791943361290
Belgium 9/11/2020,538.715267176645
Belgium 9/12/2020,543.2901791440970
Belgium 9/13/2020,597.5740237201500
Belgium 9/14/2020,761.5563147335970
Belgium 9/15/2020,749.7529541688140
Belgium 9/16/2020,806.7242700334600
Belgium 9/17/2020,823.0533212952800
Belgium 9/18/2020,841.8543222622450
Belgium 9/19/2020,870.2161001692850
Belgium 9/20/2020,877.7322560359610
Belgium 9/21/2020,914.3724874917160
Belgium 9/22/2020,918.068402187766
Belgium 9/23/2020,983.9231657685580
Belgium 9/24/2020,1046.1406070358000
Belgium 9/25/2020,1056.8668614307200
Belgium 9/26/2020,1013.8061006970700
Belgium 9/27/2020,1031.3151774946900
Belgium 9/28/2020,1143.66146580513
Belgium 9/29/2020,1124.5057139894300
Belgium 9/30/2020,1144.8733652169400
Belgium 10/1/2020,1181.8566342020000
Belgium 10/2/2020,1184.5225439715400
Belgium 10/3/2020,1203.1188959289400
Belgium 10/4/2020,1273.824781892540
Belgium 11/30/2020,3047.6477946796000
Belgium 12/1/2020,2647.108111613230
Belgium 12/2/2020,2532.8969099217700
Belgium 12/3/2020,2306.3101971301400
Belgium 12/4/2020,2296.3357358493300
Belgium 12/5/2020,2020.3273063653200
Belgium 12/6/2020,2368.3304158239700
Belgium 12/7/2020,2785.235177999620
Belgium 12/8/2020,2684.7514509299500
Belgium 12/9/2020,2523.379222299090
Belgium 12/10/2020,2445.703775109280
Belgium 12/11/2020,2339.751503189720
Belgium 12/12/2020,2121.903550987850
Belgium 12/13/2020,2426.0756879656500
Belgium 12/14/2020,2573.862695811770
Belgium 12/15/2020,2434.431276821210
Belgium 12/16/2020,2319.363230077180
Belgium 12/17/2020,2315.256559596980
Belgium 12/18/2020,2178.20241699622
Belgium 12/19/2020,2023.6866054908600
Belgium 12/20/2020,2138.0279344606400
Belgium 12/21/2020,2262.9604391405300
Belgium 12/22/2020,2216.2471616169800
Belgium 12/23/2020,2082.59551931413
Belgium 12/24/2020,2052.565622748020
Belgium 12/25/2020,1725.2388141891300
Belgium 12/26/2020,1740.4334207838200
Belgium 12/27/2020,1948.1512238306700
Belgium 3/1/2021,2031.906676065090
Belgium 3/2/2021,1939.1338808568800
Belgium 3/3/2021,1866.263158811930
Belgium 3/4/2021,1851.5220716074300
Belgium 3/5/2021,1846.163614327630
Belgium 3/6/2021,1759.8471112083400
Belgium 3/7/2021,1891.5766117008600
Belgium 3/8/2021,2200.2130920112200
Belgium 3/9/2021,2143.2900539660500
Belgium 3/10/2021,2075.930155130270
Belgium 3/11/2021,1993.4079204220600
Belgium 3/12/2021,1978.3445574485100
Belgium 3/13/2021,1943.4856373873800
Belgium 3/14/2021,2193.146907040300
Belgium 3/15/2021,2669.5898067369400
Belgium 3/16/2021,2628.639268949870
Belgium 3/17/2021,2653.050072563990
Belgium 3/18/2021,2637.8967839584000
Belgium 3/19/2021,2594.5117081131000
Belgium 3/20/2021,2544.181586181720
Belgium 3/21/2021,2721.516289196140
Belgium 3/22/2021,2975.2576505578700
Belgium 3/23/2021,3014.9060650039100
Belgium 3/24/2021,3064.325855208750
Belgium 3/25/2021,3074.917781508090
Belgium 3/26/2021,3011.300196688390
Belgium 3/27/2021,3049.3323099336600
Belgium 3/28/2021,3258.5866671926200
Croatia 9/7/2020,69.73184090080240
Croatia 9/8/2020,66.7474921091329
Croatia 9/9/2020,63.24321909208660
Croatia 9/10/2020,75.61088391881560
Croatia 9/11/2020,78.69512114174380
Croatia 9/12/2020,70.19387597316730
Croatia 9/13/2020,69.80914830838210
Croatia 9/14/2020,64.29397933515170
Croatia 9/15/2020,55.714722328391300
Croatia 9/16/2020,52.3202265618429
Croatia 9/17/2020,59.73716566291150
Croatia 9/18/2020,50.52540379507460
Croatia 9/19/2020,55.894411406949800
Croatia 9/20/2020,55.067771354971500
Croatia 9/21/2020,61.12963675320900
Croatia 9/22/2020,50.56317569668150
Croatia 9/23/2020,55.15813578466860
Croatia 9/24/2020,48.28019411685050
Croatia 9/25/2020,54.483976692039500
Croatia 9/26/2020,51.73646680012370
Croatia 9/27/2020,61.123325552201400
Croatia 9/28/2020,63.22642302350280
Croatia 9/29/2020,57.056194669743000
Croatia 9/30/2020,64.69549165700870
Croatia 10/1/2020,71.13611313195150
Croatia 10/2/2020,64.63655302669830
Croatia 10/3/2020,65.51403169886390
Croatia 10/4/2020,73.45089502530910
Croatia 11/30/2020,919.8830635094890
Croatia 12/1/2020,911.0842520017320
Croatia 12/2/2020,931.7011027519110
Croatia 12/3/2020,987.4298910700090
Croatia 12/4/2020,993.8906003289110
Croatia 12/5/2020,973.1162472387300
Croatia 12/6/2020,991.4572018431150
Croatia 12/7/2020,988.1560284324160
Croatia 12/8/2020,990.2695547996220
Croatia 12/9/2020,1010.6149978525300
Croatia 12/10/2020,1042.1329729368700
Croatia 12/11/2020,1064.716939952850
Croatia 12/12/2020,1045.424347700620
Croatia 12/13/2020,1080.9022498709300
Croatia 12/14/2020,1068.8763528267100
Croatia 12/15/2020,1083.2340250884100
Croatia 12/16/2020,1081.5609324447600
Croatia 12/17/2020,1104.2836387383600
Croatia 12/18/2020,1079.1420149725200
Croatia 12/19/2020,1056.657936387790
Croatia 12/20/2020,1107.6784446503900
Croatia 12/21/2020,1048.2229773458400
Croatia 12/22/2020,1009.4596173276600
Croatia 12/23/2020,986.2332566313630
Croatia 12/24/2020,943.302092654563
Croatia 12/25/2020,878.5831610230090
Croatia 12/26/2020,884.2815003863770
Croatia 12/27/2020,910.8777117721640
Croatia 3/1/2021,382.2027150459970
Croatia 3/2/2021,371.9193393150920
Croatia 3/3/2021,368.1609429995350
Croatia 3/4/2021,362.8254896090890
Croatia 3/5/2021,365.8144305950760
Croatia 3/6/2021,358.60715717576400
Croatia 3/7/2021,379.37442483190800
Croatia 3/8/2021,414.0201600461160
Croatia 3/9/2021,407.2347112300380
Croatia 3/10/2021,419.8074495442070
Croatia 3/11/2021,424.182855131198
Croatia 3/12/2021,420.28571953803000
Croatia 3/13/2021,411.5186734425880
Croatia 3/14/2021,443.698115415111
Croatia 3/15/2021,450.9862215443790
Croatia 3/16/2021,442.5947536263000
Croatia 3/17/2021,460.82593098018700
Croatia 3/18/2021,465.75302620486900
Croatia 3/19/2021,471.4569723386410
Croatia 3/20/2021,476.46488278670900
Croatia 3/21/2021,508.50278209642000
Croatia 3/22/2021,524.8462885724560
Croatia 3/23/2021,522.9017882315400
Croatia 3/24/2021,524.8363997532170
Croatia 3/25/2021,541.9179514058530
Croatia 3/26/2021,554.0688651167880
Croatia 3/27/2021,568.9782270161760
Croatia 3/28/2021,600.039808699761
Cyprus 9/7/2020,0.0
Cyprus 9/8/2020,0.0
Cyprus 9/9/2020,0.0
Cyprus 9/10/2020,0.0
Cyprus 9/11/2020,0.0
Cyprus 9/12/2020,0.0
Cyprus 9/13/2020,0.0
Cyprus 9/14/2020,0.0
Cyprus 9/15/2020,0.0
Cyprus 9/16/2020,0.0
Cyprus 9/17/2020,0.0
Cyprus 9/18/2020,0.0
Cyprus 9/19/2020,0.0
Cyprus 9/20/2020,0.0
Cyprus 9/21/2020,0.0
Cyprus 9/22/2020,0.0
Cyprus 9/23/2020,0.0
Cyprus 9/24/2020,0.0
Cyprus 9/25/2020,0.0
Cyprus 9/26/2020,0.0
Cyprus 9/27/2020,0.0
Cyprus 9/28/2020,0.0
Cyprus 9/29/2020,0.0
Cyprus 9/30/2020,0.0
Cyprus 10/1/2020,0.0
Cyprus 10/2/2020,0.0
Cyprus 10/3/2020,0.0
Cyprus 10/4/2020,0.0
Cyprus 11/30/2020,0.0
Cyprus 12/1/2020,0.0
Cyprus 12/2/2020,0.0
Cyprus 12/3/2020,0.0
Cyprus 12/4/2020,0.0
Cyprus 12/5/2020,0.0
Cyprus 12/6/2020,0.0
Cyprus 12/7/2020,0.0
Cyprus 12/8/2020,0.0
Cyprus 12/9/2020,0.0
Cyprus 12/10/2020,0.0
Cyprus 12/11/2020,0.0
Cyprus 12/12/2020,0.0
Cyprus 12/13/2020,0.0
Cyprus 12/14/2020,0.0
Cyprus 12/15/2020,0.0
Cyprus 12/16/2020,0.0
Cyprus 12/17/2020,0.0
Cyprus 12/18/2020,0.0
Cyprus 12/19/2020,0.0
Cyprus 12/20/2020,0.0
Cyprus 12/21/2020,0.0
Cyprus 12/22/2020,0.0
Cyprus 12/23/2020,0.0
Cyprus 12/24/2020,0.0
Cyprus 12/25/2020,0.0
Cyprus 12/26/2020,0.0
Cyprus 12/27/2020,0.0
Cyprus 3/1/2021,0.0
Cyprus 3/2/2021,0.0
Cyprus 3/3/2021,0.0
Cyprus 3/4/2021,0.0
Cyprus 3/5/2021,0.0
Cyprus 3/6/2021,0.0
Cyprus 3/7/2021,0.0
Cyprus 3/8/2021,0.0
Cyprus 3/9/2021,0.0
Cyprus 3/10/2021,0.0
Cyprus 3/11/2021,0.0
Cyprus 3/12/2021,0.0
Cyprus 3/13/2021,0.0
Cyprus 3/14/2021,0.0
Cyprus 3/15/2021,0.0
Cyprus 3/16/2021,0.0
Cyprus 3/17/2021,0.0
Cyprus 3/18/2021,0.0
Cyprus 3/19/2021,0.0
Cyprus 3/20/2021,0.0
Cyprus 3/21/2021,0.0
Cyprus 3/22/2021,0.0
Cyprus 3/23/2021,0.0
Cyprus 3/24/2021,0.0
Cyprus 3/25/2021,0.0
Cyprus 3/26/2021,0.0
Cyprus 3/27/2021,0.0
Cyprus 3/28/2021,0.0
Czechia 9/7/2020,372.69100455961300
Czechia 9/8/2020,369.5943813856150
Czechia 9/9/2020,382.495489824159
Czechia 9/10/2020,389.67366556230400
Czechia 9/11/2020,436.13660265176200
Czechia 9/12/2020,401.16105526696900
Czechia 9/13/2020,424.9547830271900
Czechia 9/14/2020,770.4027659893330
Czechia 9/15/2020,815.3036003978140
Czechia 9/16/2020,850.6939847713840
Czechia 9/17/2020,981.6785731784420
Czechia 9/18/2020,1030.1347747322800
Czechia 9/19/2020,995.8974546680690
Czechia 9/20/2020,1011.5176671364400
Czechia 9/21/2020,1103.450066872350
Czechia 9/22/2020,1134.2907621075800
Czechia 9/23/2020,1222.9036559894200
Czechia 9/24/2020,1307.263639081930
Czechia 9/25/2020,1381.75455720428
Czechia 9/26/2020,1328.5576367164800
Czechia 9/27/2020,1346.9749074732100
Czechia 9/28/2020,1315.432674931940
Czechia 9/29/2020,1519.448774462860
Czechia 9/30/2020,1614.2896988388700
Czechia 10/1/2020,1752.0051253969400
Czechia 10/2/2020,1846.7673444171300
Czechia 10/3/2020,1797.5726512083900
Czechia 10/4/2020,1854.6749802451900
Czechia 11/30/2020,5815.117198996410
Czechia 12/1/2020,5680.926176559230
Czechia 12/2/2020,5517.950237357590
Czechia 12/3/2020,5500.552381791450
Czechia 12/4/2020,5448.987547017160
Czechia 12/5/2020,4916.739048410260
Czechia 12/6/2020,4963.7528284920200
Czechia 12/7/2020,5769.722501425130
Czechia 12/8/2020,5722.198922439160
Czechia 12/9/2020,5761.207552840320
Czechia 12/10/2020,5923.137465512600
Czechia 12/11/2020,5905.457516195550
Czechia 12/12/2020,5527.02904989429
Czechia 12/13/2020,5654.108412258090
Czechia 12/14/2020,6729.263718963030
Czechia 12/15/2020,6743.68780354646
Czechia 12/16/2020,6658.931505194360
Czechia 12/17/2020,6735.289006075320
Czechia 12/18/2020,6757.437733087610
Czechia 12/19/2020,6297.79303616587
Czechia 12/20/2020,6385.660516767060
Czechia 12/21/2020,7011.562066670840
Czechia 12/22/2020,20307.673492663300
Czechia 12/23/2020,20276.30177961030
Czechia 12/24/2020,17861.352174617600
Czechia 12/25/2020,17862.361099485300
Czechia 12/26/2020,18873.867329808300
Czechia 12/27/2020,20297.35463204140
Czechia 3/1/2021,34107.28309238570
Czechia 3/2/2021,35017.469129654200
Czechia 3/3/2021,34581.00558371570
Czechia 3/4/2021,34461.12575579220
Czechia 3/5/2021,34557.47246719140
Czechia 3/6/2021,32988.21606083980
Czechia 3/7/2021,33627.26581902300
Czechia 3/8/2021,34187.96441219750
Czechia 3/9/2021,34371.12474579870
Czechia 3/10/2021,34212.13298241070
Czechia 3/11/2021,34062.9809554811
Czechia 3/12/2021,33836.9386625715
Czechia 3/13/2021,32060.107290750000
Czechia 3/14/2021,32740.09474460220
Czechia 3/15/2021,33831.40005942660
Czechia 3/16/2021,33662.28185993330
Czechia 3/17/2021,32776.31364574350
Czechia 3/18/2021,31977.893982379200
Czechia 3/19/2021,31163.42041078950
Czechia 3/20/2021,28817.480822472400
Czechia 3/21/2021,29181.6681729146
Czechia 3/22/2021,30717.351851030200
Czechia 3/23/2021,29884.761054628600
Czechia 3/24/2021,28467.980395610600
Czechia 3/25/2021,27933.253874999900
Czechia 3/26/2021,27512.70423458610
Czechia 3/27/2021,25380.59289936650
Czechia 3/28/2021,25559.9611774922
Denmark 9/7/2020,22.903976797665200
Denmark 9/8/2020,22.726106854392700
Denmark 9/9/2020,23.386090128543100
Denmark 9/10/2020,24.233353207091100
Denmark 9/11/2020,26.591357634137200
Denmark 9/12/2020,26.660986425087500
Denmark 9/13/2020,27.63021293072370
Denmark 9/14/2020,30.217599600251800
Denmark 9/15/2020,31.435733150248800
Denmark 9/16/2020,30.43293556583520
Denmark 9/17/2020,32.479114655718600
Denmark 9/18/2020,32.10191184883660
Denmark 9/19/2020,32.85488949876650
Denmark 9/20/2020,34.524263598179500
Denmark 9/21/2020,40.05491300838920
Denmark 9/22/2020,41.411925977571300
Denmark 9/23/2020,41.13083544521400
Denmark 9/24/2020,45.23028122018390
Denmark 9/25/2020,46.79730724758180
Denmark 9/26/2020,45.80302628786630
Denmark 9/27/2020,45.34188152297130
Denmark 9/28/2020,42.95689844041420
Denmark 9/29/2020,42.31021890526110
Denmark 9/30/2020,41.26054650307260
Denmark 10/1/2020,43.09488568883340
Denmark 10/2/2020,41.83835357270660
Denmark 10/3/2020,41.748079279260600
Denmark 10/4/2020,42.05011765824380
Denmark 11/30/2020,148.71403585225500
Denmark 12/1/2020,147.11119336440400
Denmark 12/2/2020,150.35176225674000
Denmark 12/3/2020,150.60015422739000
Denmark 12/4/2020,157.10811221963700
Denmark 12/5/2020,154.46074082159400
Denmark 12/6/2020,159.45267599669
Denmark 12/7/2020,229.16502986738000
Denmark 12/8/2020,235.08890461945000
Denmark 12/9/2020,235.1480726824960
Denmark 12/10/2020,232.23652107273300
Denmark 12/11/2020,235.6886285907220
Denmark 12/12/2020,237.4300088462360
Denmark 12/13/2020,242.75638535501300
Denmark 12/14/2020,286.69936977667900
Denmark 12/15/2020,289.2105056975620
Denmark 12/16/2020,302.6272302598270
Denmark 12/17/2020,308.73632345578800
Denmark 12/18/2020,320.5153984978150
Denmark 12/19/2020,330.8002964115410
Denmark 12/20/2020,342.92655434236100
Denmark 12/21/2020,352.3655012687940
Denmark 12/22/2020,353.548230900925
Denmark 12/23/2020,351.2358871230620
Denmark 12/24/2020,349.5810410516140
Denmark 12/25/2020,347.7183454918600
Denmark 12/26/2020,359.9554326738600
Denmark 12/27/2020,371.58664264280500
Denmark 3/1/2021,101.33135657982800
Denmark 3/2/2021,99.09116753370220
Denmark 3/3/2021,97.85292427427770
Denmark 3/4/2021,95.08477829258290
Denmark 3/5/2021,93.90474309590750
Denmark 3/6/2021,93.46944948357610
Denmark 3/7/2021,97.0808888473609
Denmark 3/8/2021,102.14515596032400
Denmark 3/9/2021,99.26062929866360
Denmark 3/10/2021,101.52488409016000
Denmark 3/11/2021,99.14851498782610
Denmark 3/12/2021,99.32600783404390
Denmark 3/13/2021,97.07912900912710
Denmark 3/14/2021,97.47157965821280
Denmark 3/15/2021,97.25623530887650
Denmark 3/16/2021,96.05334960108310
Denmark 3/17/2021,93.85969864873110
Denmark 3/18/2021,93.25697510167440
Denmark 3/19/2021,92.59961537191500
Denmark 3/20/2021,89.76432616700430
Denmark 3/21/2021,91.38283503282760
Denmark 3/22/2021,94.27205102113570
Denmark 3/23/2021,100.26291629358900
Denmark 3/24/2021,101.90308682709500
Denmark 3/25/2021,101.27838528599000
Denmark 3/26/2021,99.16168523439030
Denmark 3/27/2021,94.23975134150070
Denmark 3/28/2021,95.91688680584170
Estonia 9/7/2020,0.0
Estonia 9/8/2020,0.0
Estonia 9/9/2020,0.0
Estonia 9/10/2020,0.0
Estonia 9/11/2020,0.0
Estonia 9/12/2020,0.0
Estonia 9/13/2020,0.0
Estonia 9/14/2020,0.0
Estonia 9/15/2020,0.0
Estonia 9/16/2020,0.0
Estonia 9/17/2020,0.0
Estonia 9/18/2020,0.0
Estonia 9/19/2020,0.0
Estonia 9/20/2020,0.0
Estonia 9/21/2020,0.0
Estonia 9/22/2020,0.0
Estonia 9/23/2020,0.0
Estonia 9/24/2020,0.0
Estonia 9/25/2020,0.0
Estonia 9/26/2020,0.0
Estonia 9/27/2020,0.0
Estonia 9/28/2020,0.0
Estonia 9/29/2020,0.0
Estonia 9/30/2020,0.0
Estonia 10/1/2020,0.0
Estonia 10/2/2020,0.0
Estonia 10/3/2020,0.0
Estonia 10/4/2020,0.0
Estonia 11/30/2020,39.81084741620910
Estonia 12/1/2020,41.02416317679320
Estonia 12/2/2020,42.66342812886550
Estonia 12/3/2020,42.173984436629600
Estonia 12/4/2020,46.18357931991830
Estonia 12/5/2020,50.88364595720030
Estonia 12/6/2020,54.16422772723260
Estonia 12/7/2020,55.48442147071060
Estonia 12/8/2020,56.1103614108233
Estonia 12/9/2020,53.63384636706430
Estonia 12/10/2020,58.534918305725600
Estonia 12/11/2020,57.801778700315600
Estonia 12/12/2020,61.65098426775400
Estonia 12/13/2020,67.16129598935060
Estonia 12/14/2020,63.140686017549200
Estonia 12/15/2020,64.45398577225650
Estonia 12/16/2020,65.8703814604856
Estonia 12/17/2020,65.40072710444780
Estonia 12/18/2020,65.39660061229420
Estonia 12/19/2020,68.96045696789670
Estonia 12/20/2020,78.1793515169013
Estonia 12/21/2020,75.85784359984360
Estonia 12/22/2020,79.60499054689300
Estonia 12/23/2020,77.96058454991250
Estonia 12/24/2020,82.15243271151530
Estonia 12/25/2020,87.59922717198600
Estonia 12/26/2020,89.54363067209230
Estonia 12/27/2020,93.51260956985210
Estonia 3/1/2021,136.14264551711500
Estonia 3/2/2021,134.90336206229100
Estonia 3/3/2021,136.86651758546300
Estonia 3/4/2021,142.1123067445540
Estonia 3/5/2021,138.96510928300000
Estonia 3/6/2021,144.8805435467540
Estonia 3/7/2021,152.47894792712900
Estonia 3/8/2021,159.10634709315800
Estonia 3/9/2021,159.5885751142200
Estonia 3/10/2021,160.41759498197700
Estonia 3/11/2021,164.5480005087200
Estonia 3/12/2021,166.6309293622130
Estonia 3/13/2021,171.49242262847800
Estonia 3/14/2021,176.35391589474300
Estonia 3/15/2021,155.65490596298500
Estonia 3/16/2021,153.62412944691200
Estonia 3/17/2021,157.41085506635800
Estonia 3/18/2021,155.38007855028500
Estonia 3/19/2021,144.65428880493200
Estonia 3/20/2021,151.4028694285970
Estonia 3/21/2021,157.19749304889600
Estonia 3/22/2021,154.13142193518800
Estonia 3/23/2021,155.18331106678900
Estonia 3/24/2021,154.41370472838200
Estonia 3/25/2021,155.15941799881600
Estonia 3/26/2021,146.19679302800900
Estonia 3/27/2021,154.32216790712900
Estonia 3/28/2021,161.63626038880200
Iceland 9/7/2020,0.0
Iceland 9/8/2020,0.0
Iceland 9/9/2020,0.0
Iceland 9/10/2020,0.0
Iceland 9/11/2020,0.0
Iceland 9/12/2020,0.0
Iceland 9/13/2020,0.0
Iceland 9/15/2020,0.0
Iceland 9/16/2020,0.0
Iceland 9/17/2020,0.0
Iceland 9/18/2020,0.0
Iceland 9/19/2020,0.0
Iceland 9/20/2020,0.0
Iceland 9/21/2020,0.0
Iceland 9/22/2020,0.0
Iceland 9/23/2020,0.0
Iceland 9/24/2020,0.0
Iceland 9/25/2020,0.0
Iceland 9/26/2020,0.0
Iceland 9/27/2020,0.0
Iceland 9/28/2020,0.0
Iceland 10/4/2020,0.0
Iceland 11/30/2020,0.0
Iceland 12/1/2020,0.0
Iceland 12/2/2020,0.0
Iceland 12/3/2020,0.0
Iceland 12/4/2020,0.0
Iceland 12/8/2020,0.0
Iceland 12/9/2020,0.0
Iceland 12/10/2020,0.0
Iceland 12/11/2020,0.0
Iceland 12/12/2020,0.0
Iceland 12/13/2020,0.0
Iceland 12/14/2020,0.0
Iceland 12/15/2020,0.0
Iceland 12/16/2020,0.0
Iceland 12/17/2020,0.0
Iceland 12/18/2020,0.0
Iceland 12/19/2020,0.0
Iceland 12/20/2020,0.0
Iceland 12/21/2020,0.0
Iceland 12/22/2020,0.0
Iceland 12/27/2020,0.0
Iceland 3/3/2021,0.0
Iceland 3/7/2021,0.0
Iceland 3/8/2021,0.0
Iceland 3/9/2021,0.0
Iceland 3/14/2021,0.0
Iceland 3/18/2021,0.0
Iceland 3/21/2021,0.0
Iceland 3/25/2021,0.0
Iceland 3/28/2021,0.0
Ireland 9/7/2020,117.41151723388500
Ireland 9/8/2020,116.07618353262100
Ireland 9/9/2020,115.48527660404000
Ireland 9/10/2020,111.78586674478600
Ireland 9/11/2020,118.2837807498280
Ireland 9/12/2020,115.68528747050000
Ireland 9/13/2020,119.55551915679200
Ireland 9/14/2020,122.52154505525800
Ireland 9/15/2020,135.62856301111100
Ireland 9/16/2020,126.72275640294000
Ireland 9/17/2020,144.22684285136800
Ireland 9/18/2020,145.42323444600400
Ireland 9/19/2020,132.4591960629850
Ireland 9/20/2020,139.7955639872030
Ireland 9/21/2020,150.30033360869600
Ireland 9/22/2020,152.17778362208100
Ireland 9/23/2020,140.53894820884900
Ireland 9/24/2020,712.3645638320390
Ireland 9/25/2020,760.4403689092120
Ireland 9/26/2020,755.1544611387510
Ireland 9/27/2020,834.7665873168160
Ireland 9/28/2020,882.0911892943000
Ireland 9/29/2020,963.0190308268860
Ireland 9/30/2020,992.2780398997960
Ireland 10/1/2020,955.2466684409050
Ireland 10/2/2020,794.1343782583910
Ireland 10/3/2020,826.1432797555440
Ireland 10/4/2020,1066.8266998572700
Ireland 11/30/2020,1960.5990077399100
Ireland 12/1/2020,1410.3538516930500
Ireland 12/2/2020,1480.5615177563100
Ireland 12/3/2020,1641.8669994185100
Ireland 12/4/2020,1783.5395417445900
Ireland 12/5/2020,1578.1537814669100
Ireland 12/6/2020,1835.8302635225300
Ireland 12/7/2020,1559.8100603018800
Ireland 12/8/2020,1215.4302194312100
Ireland 12/9/2020,1214.8793946961000
Ireland 12/10/2020,1028.8331473717700
Ireland 12/11/2020,1123.5383120171400
Ireland 12/12/2020,852.6080481937130
Ireland 12/13/2020,1068.053341879400
Ireland 12/14/2020,1251.95022178076
Ireland 12/15/2020,1385.0357591461400
Ireland 12/16/2020,1374.9258361596300
Ireland 12/17/2020,1699.1474569315300
Ireland 12/18/2020,1552.8035519021800
Ireland 12/19/2020,1532.549221548600
Ireland 12/20/2020,1760.3853142278500
Ireland 12/21/2020,1472.3001132484700
Ireland 12/22/2020,1406.1355061388900
Ireland 12/23/2020,1415.537031427620
Ireland 12/24/2020,1670.8358043572400
Ireland 12/25/2020,1500.7228108263200
Ireland 12/26/2020,1711.1369181578200
Ireland 12/27/2020,2678.0190581522300
Ireland 3/1/2021,3406.6341971811200
Ireland 3/2/2021,3040.537512617610
Ireland 3/3/2021,3042.674781846190
Ireland 3/4/2021,2671.5153603440900
Ireland 3/5/2021,2191.516133692160
Ireland 3/6/2021,2158.4171511509300
Ireland 3/7/2021,2730.3264153803900
Ireland 3/8/2021,2480.9664268183700
Ireland 3/9/2021,2295.237618349140
Ireland 3/10/2021,1961.6480612532300
Ireland 3/11/2021,1883.884684423390
Ireland 3/12/2021,1638.0009341408500
Ireland 3/13/2021,1732.9876986848700
Ireland 3/14/2021,2101.7652805871100
Ireland 3/15/2021,3029.502592446150
Ireland 3/16/2021,2989.9411721271400
Ireland 3/17/2021,2952.144520395200
Ireland 3/18/2021,2838.8720365757100
Ireland 3/19/2021,2630.2870068428900
Ireland 3/20/2021,2445.718985051060
Ireland 3/21/2021,3162.1707695117500
Ireland 3/22/2021,3367.118105125830
Ireland 3/23/2021,3389.197816972020
Ireland 3/24/2021,2758.4691464636500
Ireland 3/25/2021,2510.5365117593300
Ireland 3/26/2021,2473.3196371791900
Ireland 3/27/2021,2316.8227918210700
Ireland 3/28/2021,2797.935618176330
Italy 9/7/2020,2043.670513356540
Italy 9/8/2020,2057.957610976200
Italy 9/9/2020,1500.936518711000
Italy 9/10/2020,1523.1044506605500
Italy 9/11/2020,1541.952290368670
Italy 9/12/2020,1588.1781700363900
Italy 9/13/2020,1650.6254582343700
Italy 9/14/2020,1811.7010799372800
Italy 9/15/2020,1878.9361606489300
Italy 9/16/2020,1923.9598133902700
Italy 9/17/2020,1959.718655951910
Italy 9/18/2020,1967.8903340733400
Italy 9/19/2020,1952.4840780465700
Italy 9/20/2020,1923.4084950982600
Italy 9/21/2020,2152.909540771870
Italy 9/22/2020,2229.044599490040
Italy 9/23/2020,2294.4187621135100
Italy 9/24/2020,2352.513468239090
Italy 9/25/2020,2365.6532795784400
Italy 9/26/2020,2354.454988195720
Italy 9/27/2020,2372.662983584490
Italy 9/28/2020,3422.080821337950
Italy 9/29/2020,3492.5957430013400
Italy 9/30/2020,3518.8072575203800
Italy 10/1/2020,3540.8949246956600
Italy 10/2/2020,3552.508356770030
Italy 10/3/2020,3568.454153694980
Italy 10/4/2020,3605.5564772162700
Italy 11/30/2020,31127.625035816900
Italy 12/1/2020,31057.91912262780
Italy 12/2/2020,30902.06464723350
Italy 12/3/2020,30542.914209830400
Italy 12/4/2020,30101.676794592600
Italy 12/5/2020,29440.840183185800
Italy 12/6/2020,29226.256613006800
Italy 12/7/2020,29111.017335327000
Italy 12/8/2020,29592.019285641800
Italy 12/9/2020,29502.15891805880
Italy 12/10/2020,29207.26276508930
Italy 12/11/2020,28861.990681087800
Italy 12/12/2020,28425.79430206300
Italy 12/13/2020,28142.355825340700
Italy 12/14/2020,26761.70460209390
Italy 12/15/2020,26653.97088057090
Italy 12/16/2020,26456.72267512560
Italy 12/17/2020,26166.177131562400
Italy 12/18/2020,25761.423526063000
Italy 12/19/2020,25425.53073655380
Italy 12/20/2020,25237.428709225500
Italy 12/21/2020,26875.276492651800
Italy 12/22/2020,26923.18418706010
Italy 12/23/2020,26818.534924861200
Italy 12/24/2020,26578.446737465700
Italy 12/25/2020,26163.734584896700
Italy 12/26/2020,25951.541325095700
Italy 12/27/2020,26059.425823413200
Italy 3/1/2021,23797.115696494300
Italy 3/2/2021,24192.462834229600
Italy 3/3/2021,24480.174782459300
Italy 3/4/2021,24758.569353415700
Italy 3/5/2021,24929.377676896900
Italy 3/6/2021,25081.68102718330
Italy 3/7/2021,25281.928781226200
Italy 3/8/2021,22212.579605172600
Italy 3/9/2021,22646.893622589500
Italy 3/10/2021,23025.357368093200
Italy 3/11/2021,23289.800973656900
Italy 3/12/2021,23486.504169324000
Italy 3/13/2021,23708.489480663500
Italy 3/14/2021,23908.619433521200
Italy 3/15/2021,24271.803507421500
Italy 3/16/2021,24794.19369814380
Italy 3/17/2021,25182.795280006000
Italy 3/18/2021,25314.61124125040
Italy 3/19/2021,25284.930265247000
Italy 3/20/2021,25225.380228437200
Italy 3/21/2021,25292.222273148600
Italy 3/22/2021,24785.274230572400
Italy 3/23/2021,25096.86255441080
Italy 3/24/2021,25222.309982717400
Italy 3/25/2021,25178.726944320000
Italy 3/26/2021,25068.99832422460
Italy 3/27/2021,24999.684361484200
Italy 3/28/2021,24987.114885636200
Lithuania 11/30/2020,16753.886928899300
Lithuania 12/1/2020,16741.65965798770
Lithuania 12/2/2020,16873.740489107500
Lithuania 12/3/2020,16873.89500675290
Lithuania 12/4/2020,16695.66411049740
Lithuania 12/5/2020,16667.548703826800
Lithuania 12/6/2020,16667.922368172200
Lithuania 12/14/2020,20986.770440068000
Lithuania 12/15/2020,20987.911117863900
Lithuania 12/16/2020,20983.573128156700
Lithuania 12/17/2020,20975.728791247500
Lithuania 12/18/2020,20967.227014238000
Lithuania 12/19/2020,20941.193501218500
Lithuania 12/20/2020,20948.470286617800
Lithuania 12/21/2020,19098.833935015900
Lithuania 12/22/2020,19086.716237454300
Lithuania 12/23/2020,19099.471690356800
Lithuania 12/24/2020,19090.969913347200
Lithuania 12/25/2020,19086.084056889700
Lithuania 12/26/2020,19089.19705498670
Lithuania 12/27/2020,19110.499229194000
Lithuania 3/1/2021,3546.019872770150
Lithuania 3/2/2021,3549.461590917340
Lithuania 3/3/2021,3553.889469215090
Lithuania 3/4/2021,3549.1131861076300
Lithuania 3/7/2021,3547.8235654426400
Lithuania 3/8/2021,3740.50895570133
Lithuania 3/9/2021,3742.9645136979600
Lithuania 3/10/2021,3744.214764843920
Lithuania 3/11/2021,3746.122456090240
Lithuania 3/12/2021,3744.962093534830
Lithuania 3/13/2021,3748.84210508227
Lithuania 3/14/2021,3751.9551031792700
Lithuania 3/15/2021,4135.607784466580
Lithuania 3/16/2021,4133.7899818108000
Lithuania 3/17/2021,4139.423166959230
Lithuania 3/18/2021,4136.180910752650
Lithuania 3/19/2021,4133.048227896120
Lithuania 3/20/2021,4134.846345792390
Lithuania 3/21/2021,4133.905129937100
Lithuania 3/22/2021,4745.664217574850
Lithuania 3/23/2021,4749.3250824221600
Lithuania 3/24/2021,4752.218933819040
Lithuania 3/25/2021,4749.853264412950
Lithuania 3/26/2021,4746.282288156180
Lithuania 3/28/2021,4750.426390699010
Netherlands 9/7/2020,3343.5888049886200
Netherlands 9/8/2020,3440.786599753720
Netherlands 9/9/2020,3539.4865279126400
Netherlands 9/10/2020,3684.100535563600
Netherlands 9/11/2020,3703.3821085047600
Netherlands 9/12/2020,3655.6563015728200
Netherlands 9/13/2020,3809.64583550044
Netherlands 9/14/2020,6561.283320550750
Netherlands 9/15/2020,6948.143327447700
Netherlands 9/16/2020,6857.548506528060
Netherlands 9/17/2020,7216.369101710870
Netherlands 9/18/2020,7481.08422272453
Netherlands 9/19/2020,7982.240178563710
Netherlands 9/20/2020,8045.440210082440
Netherlands 9/21/2020,9863.745461468990
Netherlands 9/22/2020,9558.916068329020
Netherlands 9/23/2020,10227.880683807600
Netherlands 9/24/2020,10390.635630002000
Netherlands 9/25/2020,10942.534481058900
Netherlands 9/26/2020,10368.811143089600
Netherlands 9/27/2020,11545.92156224710
Netherlands 9/28/2020,15568.323205179100
Netherlands 9/29/2020,15923.847477942300
Netherlands 9/30/2020,15321.341111913500
Netherlands 10/1/2020,14751.55193735420
Netherlands 10/2/2020,15184.45719542780
Netherlands 10/3/2020,15293.497696502500
Netherlands 10/4/2020,16524.37528044850
Netherlands 11/30/2020,35021.44263325030
Netherlands 12/1/2020,34541.86239442430
Netherlands 12/2/2020,32574.226889688900
Netherlands 12/3/2020,33221.98060589760
Netherlands 12/4/2020,34073.07873064320
Netherlands 12/5/2020,33398.37516662170
Netherlands 12/6/2020,34656.89893104020
Netherlands 12/7/2020,49243.98052032770
Netherlands 12/8/2020,50211.91227924600
Netherlands 12/9/2020,49169.63159022430
Netherlands 12/10/2020,48263.99968466760
Netherlands 12/11/2020,48808.22953003180
Netherlands 12/12/2020,49692.66657274450
Netherlands 12/13/2020,50013.67475563380
Netherlands 12/14/2020,64187.03544028480
Netherlands 12/15/2020,65492.72945457600
Netherlands 12/16/2020,64826.263642427500
Netherlands 12/17/2020,64749.3726316919
Netherlands 12/18/2020,64730.4268891236
Netherlands 12/19/2020,64418.276711976200
Netherlands 12/20/2020,64536.237455530300
Netherlands 12/21/2020,66532.93210382670
Netherlands 12/22/2020,69308.91481682240
Netherlands 12/23/2020,68199.177003179
Netherlands 12/24/2020,68045.91398013500
Netherlands 12/25/2020,67290.10438592980
Netherlands 12/26/2020,67717.19985860420
Netherlands 12/27/2020,68433.02978016230
Netherlands 3/1/2021,31102.100849223800
Netherlands 3/2/2021,32688.971071509000
Netherlands 3/3/2021,31139.852919440900
Netherlands 3/4/2021,30714.41167656810
Netherlands 3/5/2021,30187.71869579600
Netherlands 3/6/2021,28830.67510008440
Netherlands 3/7/2021,28235.778921998000
Netherlands 3/8/2021,33495.82444981920
Netherlands 3/9/2021,35243.09010241390
Netherlands 3/10/2021,33683.09178801310
Netherlands 3/11/2021,33697.148892512600
Netherlands 3/12/2021,33362.19466419640
Netherlands 3/13/2021,32972.545107581200
Netherlands 3/14/2021,33924.38295056540
Netherlands 3/15/2021,39621.34789676650
Netherlands 3/16/2021,39155.32290807300
Netherlands 3/17/2021,38041.963957853500
Netherlands 3/18/2021,38227.43788751310
Netherlands 3/19/2021,38697.301108745300
Netherlands 3/20/2021,37694.56059856120
Netherlands 3/21/2021,38034.46730715220
Netherlands 3/22/2021,42642.753095423400
Netherlands 3/23/2021,42847.57450739760
Netherlands 3/24/2021,41827.032661513600
Netherlands 3/25/2021,41856.19740582530
Netherlands 3/26/2021,42297.18940816110
Netherlands 3/27/2021,41630.07988005500
Netherlands 3/28/2021,41316.39173626850
Norway 9/7/2020,47.612126103681100
Norway 9/8/2020,41.50633330214910
Norway 9/9/2020,43.37166452996340
Norway 9/10/2020,39.64070906577530
Norway 9/11/2020,44.373965916211700
Norway 9/14/2020,44.90700851103480
Norway 9/15/2020,43.33319269660890
Norway 9/16/2020,37.50837450513310
Norway 9/17/2020,42.02910386330900
Norway 9/18/2020,35.82764907360210
Norway 9/21/2020,50.3869604275134
Norway 9/22/2020,51.499317476725100
Norway 9/23/2020,47.75067935035070
Norway 9/24/2020,52.0618385210515
Norway 9/25/2020,47.86058044566940
Norway 9/28/2020,76.19567877964980
Norway 9/29/2020,81.86076136111730
Norway 9/30/2020,88.51604806024100
Norway 10/1/2020,84.05469145468580
Norway 10/2/2020,86.22642226888220
Norway 11/30/2020,249.22466738432800
Norway 12/1/2020,247.30108360171400
Norway 12/2/2020,246.66562611669600
Norway 12/3/2020,223.32651110480700
Norway 12/4/2020,237.21669677508600
Norway 12/5/2020,247.1050708738790
Norway 12/6/2020,249.9942799606370
Norway 12/7/2020,19.080080727117400
Norway 12/8/2020,18.838633459573500
Norway 12/9/2020,18.24579577499300
Norway 12/10/2020,18.138862035394700
Norway 12/11/2020,17.920010179783700
Norway 12/12/2020,17.293121703883300
Norway 12/13/2020,17.28130716301210
Norway 12/14/2020,18.380491610390000
Norway 12/15/2020,18.175187550867100
Norway 12/16/2020,18.24462385258630
Norway 12/17/2020,17.93806687960950
Norway 12/18/2020,17.69929121852380
Norway 12/19/2020,17.9138689687869
Norway 12/20/2020,18.0178803493682
Norway 12/21/2020,16.8874424469212
Norway 12/22/2020,16.659229664767800
Norway 12/23/2020,16.156019589923700
Norway 12/24/2020,15.690040533188100
Norway 12/25/2020,15.260535654283800
Norway 12/26/2020,15.052588684731400
Norway 12/27/2020,15.536248016285500
Norway 3/1/2021,7.310512014199360
Norway 3/2/2021,7.452432171419280
Norway 3/3/2021,7.245101999735400
Norway 3/4/2021,7.211242121131020
Norway 3/5/2021,7.350792217575050
Norway 3/6/2021,7.4883064725327400
Norway 3/7/2021,7.635854234467050
Norway 3/8/2021,6.271713009714380
Norway 3/9/2021,6.29018828493318
Norway 3/10/2021,6.241085468380430
Norway 3/11/2021,5.956831820376270
Norway 3/12/2021,5.737719419036980
Norway 3/13/2021,5.977466047376000
Norway 3/14/2021,6.520852594479640
Norway 3/15/2021,7.507447317983630
Norway 3/16/2021,7.528273590873940
Norway 3/17/2021,7.294902494520950
Norway 3/18/2021,6.886542920275250
Norway 3/19/2021,6.762699552540940
Norway 3/20/2021,6.48123143552948
Norway 3/21/2021,6.598473070556710
Norway 3/22/2021,6.233089031371630
Norway 3/23/2021,6.1707691641855600
Norway 3/24/2021,5.961026796694630
Norway 3/25/2021,5.321228805128410
Norway 3/26/2021,5.187985749212490
Norway 3/27/2021,5.1193141269769500
Norway 3/28/2021,5.362688387431090
Portugal 9/7/2020,506.6209619577670
Portugal 9/8/2020,516.1638449519020
Portugal 9/9/2020,515.1898766665850
Portugal 9/10/2020,518.2115797697890
Portugal 9/11/2020,516.6491384655980
Portugal 9/12/2020,526.7387240469110
Portugal 9/13/2020,536.8748822631590
Portugal 9/14/2020,561.7594558826680
Portugal 9/15/2020,563.3783333074290
Portugal 9/16/2020,561.6101887759980
Portugal 9/17/2020,556.1264362390310
Portugal 9/18/2020,546.2882596096260
Portugal 9/19/2020,554.5953529397430
Portugal 9/20/2020,566.1330404665700
Portugal 9/21/2020,583.6238068417990
Portugal 9/22/2020,596.1090366522210
Portugal 9/23/2020,609.5716520681300
Portugal 9/24/2020,615.8299604257490
Portugal 9/25/2020,630.0048294059660
Portugal 9/26/2020,628.1271442086500
Portugal 9/27/2020,628.6902656670260
Portugal 9/28/2020,700.2374671595060
Portugal 9/29/2020,700.7810666347750
Portugal 9/30/2020,699.0324056553520
Portugal 10/1/2020,704.8629496756640
Portugal 10/2/2020,703.7620556577600
Portugal 10/3/2020,694.9790815430370
Portugal 10/4/2020,697.2599085472160
Portugal 11/30/2020,2553.4554640462800
Portugal 12/1/2020,2546.6224991996300
Portugal 12/2/2020,2557.288390368610
Portugal 12/3/2020,2560.446485068910
Portugal 12/4/2020,2529.9392872883800
Portugal 12/5/2020,2489.9298244409600
Portugal 12/6/2020,2497.924097914910
Portugal 12/7/2020,2631.5696420783800
Portugal 12/8/2020,2610.7584798069000
Portugal 12/9/2020,2625.7415036770500
Portugal 12/10/2020,2627.7077775204300
Portugal 12/11/2020,2583.809365948100
Portugal 12/12/2020,2510.567377025560
Portugal 12/13/2020,2521.9058493524900
Portugal 12/14/2020,2494.438875735680
Portugal 12/15/2020,2504.013323959080
Portugal 12/16/2020,2497.5727171564800
Portugal 12/17/2020,2482.320156152270
Portugal 12/18/2020,2431.462299173880
Portugal 12/19/2020,2377.8683370901800
Portugal 12/20/2020,2395.986701262480
Portugal 12/21/2020,2192.8840632162600
Portugal 12/22/2020,2201.657477394230
Portugal 12/23/2020,2155.813706023310
Portugal 12/24/2020,2081.133110119840
Portugal 12/25/2020,2007.3187846762200
Portugal 12/26/2020,2006.4747642798500
Portugal 12/27/2020,2069.1034626539000
Portugal 3/1/2021,1055.5688768771900
Portugal 3/2/2021,1026.7841194791700
Portugal 3/3/2021,965.0653702613230
Portugal 3/4/2021,913.9130945242550
Portugal 3/5/2021,855.5455197705940
Portugal 3/6/2021,788.8797497451760
Portugal 3/7/2021,797.9009856051600
Portugal 3/8/2021,797.4590240801750
Portugal 3/9/2021,772.4060888961160
Portugal 3/10/2021,744.3931022838140
Portugal 3/11/2021,710.3232604468330
Portugal 3/12/2021,679.1769317088180
Portugal 3/13/2021,659.2581146657690
Portugal 3/14/2021,670.4060850875200
Portugal 3/15/2021,641.3619882692410
Portugal 3/16/2021,644.7573313504580
Portugal 3/17/2021,606.8082964328400
Portugal 3/18/2021,585.2674758220420
Portugal 3/19/2021,567.8932519870040
Portugal 3/20/2021,549.2172945929290
Portugal 3/21/2021,564.307305504318
Portugal 3/22/2021,575.3259074652980
Portugal 3/23/2021,572.0015099013410
Portugal 3/24/2021,560.5507568650290
Portugal 3/25/2021,551.533975424911
Portugal 3/26/2021,537.6497216991930
Portugal 3/27/2021,515.6311930296120
Portugal 3/28/2021,519.8721331979470
Slovenia 9/7/2020,0.0
Slovenia 9/8/2020,0.0
Slovenia 9/9/2020,0.0
Slovenia 9/10/2020,0.0
Slovenia 9/11/2020,0.0
Slovenia 9/12/2020,0.0
Slovenia 9/13/2020,0.0
Slovenia 9/14/2020,0.0
Slovenia 9/15/2020,0.0
Slovenia 9/16/2020,0.0
Slovenia 9/17/2020,0.0
Slovenia 9/18/2020,0.09547299861372950
Slovenia 9/19/2020,0.0
Slovenia 9/20/2020,0.0
Slovenia 9/21/2020,0.0
Slovenia 9/22/2020,0.0
Slovenia 9/23/2020,0.0
Slovenia 9/24/2020,0.0
Slovenia 9/25/2020,0.0
Slovenia 9/26/2020,0.0
Slovenia 9/27/2020,0.0
Slovenia 9/28/2020,2.3129785045335300
Slovenia 9/29/2020,2.8706850503498300
Slovenia 9/30/2020,3.1144401894745200
Slovenia 10/1/2020,2.642829626854730
Slovenia 10/2/2020,2.3004270890732500
Slovenia 10/3/2020,3.172085041581060
Slovenia 10/4/2020,3.7345131525311200
Slovenia 11/30/2020,211.77955417152100
Slovenia 12/1/2020,211.64947545666900
Slovenia 12/2/2020,209.23899557174800
Slovenia 12/3/2020,211.78091471688700
Slovenia 12/4/2020,210.44149707687900
Slovenia 12/5/2020,208.32645681297800
Slovenia 12/6/2020,211.67270244767500
Slovenia 12/7/2020,199.83738133472300
Slovenia 12/8/2020,199.97044023468100
Slovenia 12/9/2020,197.50877208301600
Slovenia 12/10/2020,195.04238236621700
Slovenia 12/11/2020,195.14351373482800
Slovenia 12/12/2020,196.0151716873360
Slovenia 12/13/2020,200.33557354831800
Slovenia 12/14/2020,189.60675297916300
Slovenia 12/15/2020,186.14297368527500
Slovenia 12/16/2020,181.92717959316200
Slovenia 12/17/2020,179.0455853607720
Slovenia 12/18/2020,175.739717957387
Slovenia 12/19/2020,173.9937899823290
Slovenia 12/20/2020,176.8039427822750
Slovenia 12/21/2020,179.85768443707700
Slovenia 12/22/2020,179.33016404257900
Slovenia 12/23/2020,175.75568850952400
Slovenia 12/24/2020,171.82116934303000
Slovenia 12/25/2020,165.82801595966300
Slovenia 12/26/2020,166.55742461652100
Slovenia 12/27/2020,168.41230745071700
Slovenia 3/1/2021,56.270733903656300
Slovenia 3/2/2021,54.45548035104580
Slovenia 3/3/2021,53.5356143168994
Slovenia 3/4/2021,53.3913709066461
Slovenia 3/5/2021,53.944730362191700
Slovenia 3/6/2021,50.75390628824400
Slovenia 3/7/2021,52.53946354488760
Slovenia 3/8/2021,50.78674669321420
Slovenia 3/9/2021,48.4404963458494
Slovenia 3/10/2021,45.609715905340800
Slovenia 3/11/2021,42.57530582244440
Slovenia 3/12/2021,40.257010391018500
Slovenia 3/13/2021,38.93138297154840
Slovenia 3/14/2021,40.33366324394770
Slovenia 3/15/2021,48.13746175158920
Slovenia 3/16/2021,47.702125810586700
Slovenia 3/17/2021,47.32704679173260
Slovenia 3/18/2021,49.51439281829220
Slovenia 3/19/2021,51.85890178562900
Slovenia 3/20/2021,47.851084426174400
Slovenia 3/21/2021,49.8859890770903
Slovenia 3/22/2021,56.73871356895400
Slovenia 3/23/2021,57.57372242498160
Slovenia 3/24/2021,55.93886516395360
Slovenia 3/25/2021,56.84245064780810
Slovenia 3/26/2021,56.15851626225910
Slovenia 3/27/2021,55.049934230851900
Slovenia 3/28/2021,54.776857270623200
Spain 9/7/2020,29939.219231387400
Spain 9/8/2020,30135.74628661230
Spain 9/9/2020,30372.549277511300
Spain 9/10/2020,30438.86278433710
Spain 9/11/2020,30502.36532738090
Spain 9/14/2020,31429.406368894200
Spain 9/15/2020,31886.99008452790
Spain 9/16/2020,32213.889353870600
Spain 9/17/2020,32319.108739317700
Spain 9/18/2020,32291.141212011400
Spain 9/21/2020,31601.638980250800
Spain 9/22/2020,31833.943914843200
Spain 9/23/2020,31767.798752012400
Spain 9/24/2020,31721.123665687700
Spain 9/25/2020,31599.36487290680
Spain 9/28/2020,31823.60333490490
Spain 9/29/2020,31755.409539266300
Spain 9/30/2020,31587.644427253100
Spain 10/1/2020,31375.336816486400
Spain 10/2/2020,31153.33856888770
Spain 11/30/2020,31020.572097843100
Spain 12/1/2020,30975.521725644100
Spain 12/2/2020,30718.532025134300
Spain 12/3/2020,30335.829097730200
Spain 12/4/2020,29908.741952102900
Spain 12/9/2020,31185.389585992500
Spain 12/10/2020,31123.91099411350
Spain 12/11/2020,31034.450931596400
Spain 12/14/2020,33281.43302506640
Spain 12/15/2020,33408.49063008840
Spain 12/16/2020,33307.8557062494
Spain 12/17/2020,33236.549433045200
Spain 12/18/2020,33106.21614128050
Spain 12/21/2020,34048.83222619200
Spain 12/22/2020,34265.42395783280
Spain 12/23/2020,34247.067617770400
Spain 12/24/2020,33888.56552791350
Spain 3/1/2021,25297.434369489000
Spain 3/2/2021,25313.778277408200
Spain 3/3/2021,25064.761017987400
Spain 3/4/2021,24739.6504053144
Spain 3/5/2021,24487.984368813100
Spain 3/8/2021,24182.852554938000
Spain 3/9/2021,24093.097375940900
Spain 3/10/2021,23991.75956219400
Spain 3/11/2021,23753.03237324640